experiment_id,target,condition,seed,run_id,artifact_root,source_git_sha,manifest_sha256,predictions_sha256,metrics_sha256,source,evaluation_unit,status,endpoint_rows
C01,FD001,primary,13,C01_2be1b54b5531_seed_13,outputs/c01_hardened,2be1b54b55316be988cc9a21c5c6acf6294882a5,3ab3d18ac655c59359338678a72c4a45b53c621149d79346fd845069b81772b2,dfa3dd94a1f6139a271c3266ed315c376b74bd13bdc8e47982440c86dd89a833,d0eef152dc4f2420db21c7d16066c45ba54ceb2d2ed452aaf55cc100dfa34448,FD001,engine_endpoint,OFFICIAL,100
C01,FD001,primary,37,C01_2be1b54b5531_seed_37,outputs/c01_hardened,2be1b54b55316be988cc9a21c5c6acf6294882a5,a9355fd94d2ce84839357b8ab38edc6ae35e76d07bb77ca1a03c10419976af51,08550b2b1cd1ba57e2d0ed6e455d1d0bd1e2c80b817d14c79595d17626e8e274,a6b46afa5f636946a96f2e66c1086a6ed199f9fa08d822ed349bb0504ce2e856,FD001,engine_endpoint,OFFICIAL,100
C01,FD001,primary,73,C01_2be1b54b5531_seed_73,outputs/c01_hardened,2be1b54b55316be988cc9a21c5c6acf6294882a5,903611b974210b16e91683c1d9c1a6483a53d4e25c5ad529365519937973ed39,eb937b78ec5e39e2e3fb9f45416d313f10b7d883c7dfb6770d7ec2cb51bbe5ba,dc046569c64b7afa40f21805fa85a27d0653cdf6fce4129dc526fa61d96ac5f2,FD001,engine_endpoint,OFFICIAL,100
C01,FD001,primary,101,C01_2be1b54b5531_seed_101,outputs/c01_hardened,2be1b54b55316be988cc9a21c5c6acf6294882a5,3f282d374345005e8612fc85667395954bfa3906596dadf34abef4c2af0eb3f1,cd7f5d23b1f24919d20c3df89ff74a65ef0be147d7a4158970397ad8a095ef05,09dd1667074d3c8f91cc5f101020a76c60cc188df77bb1286fd8c8df92951bbe,FD001,engine_endpoint,OFFICIAL,100
C01,FD001,primary,137,C01_2be1b54b5531_seed_137,outputs/c01_hardened,2be1b54b55316be988cc9a21c5c6acf6294882a5,24a8d256f1501334a265567102faf3c1f44160198b4356a4ffb2cb6583624a4f,91e1f12a30aa19d9e1a00d7f94fcca92d6650270f91be522cf78a91541852eea,3b3c50762d27d06d3c599e3cac3db950d5724f629ade5fe90eda72a5493f3f99,FD001,engine_endpoint,OFFICIAL,100
C02,FD001,primary,13,C02_319975dc35d2_seed_13,outputs/c02_final_review_319975d,319975dc35d27f4edba0be75ccef69cb92077127,173c7c6015ef10ccac339fcd5466a29de1f7adf67a7ef554e967c34bfe8fa28e,70a7464b894a3de7480f56e482d78f1969cf2696d9e85f126e85e2f0febe957e,1ae8580aa20bde21a30a4dc92458ea89f9e85d1c8750ea6b112888e5b8f5bf5b,FD001,engine_endpoint,OFFICIAL,100
C02,FD001,primary,37,C02_319975dc35d2_seed_37,outputs/c02_final_review_319975d,319975dc35d27f4edba0be75ccef69cb92077127,536c1461374bad8862ab1d77b3e674813d9dbb273d08748a9a6f617ca477a771,f5b5f73097f0a2ac483a61053269a371a64483c489b1d52c97f5eaa8b2b5286b,23275cff27eb5b512c01f0a49522c5bc1e4e3bdce4bd30f305eb4f9f47f1dcbc,FD001,engine_endpoint,OFFICIAL,100
C02,FD001,primary,73,C02_319975dc35d2_seed_73,outputs/c02_final_review_319975d,319975dc35d27f4edba0be75ccef69cb92077127,569404e36c7a8a6169e85db0470a213cb734c1c7afd0556f4b129a180a6493be,613fa44d33849f6b23715d72e4d09a88a67de273292866c9230aa77dc5588758,f701a1019e02448476409f9ecb8287c4ab5be7a0f14e3bddfda1047fba589e3a,FD001,engine_endpoint,OFFICIAL,100
C02,FD001,primary,101,C02_319975dc35d2_seed_101,outputs/c02_final_review_319975d,319975dc35d27f4edba0be75ccef69cb92077127,b391e6f4aaef88de3a6cd942787c0147784a3d78a639a0d29966320343cd8a56,4c2994db94e3c762fb7f0f07c795605798803e7af895e43e5418f10d0f758914,fcae4c5ac578f2ef505f00144ba3f266c2a458127cc6f5a90d1e81f20eb73404,FD001,engine_endpoint,OFFICIAL,100
C02,FD001,primary,137,C02_319975dc35d2_seed_137,outputs/c02_final_review_319975d,319975dc35d27f4edba0be75ccef69cb92077127,5f4a5052cf528dbe40eee83320e2c57b04f876b9f51959d7c3bd20f9d4a93b46,37046e2fcddc31f51289a10671417f20ac78af907fe31058677d67f023b6978a,4e36384a59d97d4c372d4f2fadea4dedd41c345467d6c61a4b060e1ef540ab7a,FD001,engine_endpoint,OFFICIAL,100
C03,FD001,primary,13,C03_b542ee03a95a_seed_13,outputs/c03_final_review_b542ee0,b542ee03a95a4e43fc142a2ae8cafb02ef6ca7e3,b78efe5d3564b9333206b23fc40ea1fb3e6819a5d530807f515fc995b6882525,01147b0f67756a50e7276a9cadbb21c354939fb0263c7927025209a4a1a721f6,fedb734c696ff5704c862b80fae9cee048402b09b31bcd0d2b7b3115ba716426,FD001,engine_endpoint,OFFICIAL,100
C03,FD001,primary,37,C03_b542ee03a95a_seed_37,outputs/c03_final_review_b542ee0,b542ee03a95a4e43fc142a2ae8cafb02ef6ca7e3,a6ccba12f6993f56a630b70fa9643196cec57149bbf009b551f6828251a18d94,9580f12311b6822cde00450980ae63d80fd968d96cc01903501427bede649075,d8257c4c6a8559f142df9a77c767e37d99d2c49b62307882d71d1f0f3594e280,FD001,engine_endpoint,OFFICIAL,100
C03,FD001,primary,73,C03_b542ee03a95a_seed_73,outputs/c03_final_review_b542ee0,b542ee03a95a4e43fc142a2ae8cafb02ef6ca7e3,1d0608fa177cc8dc310ee8077887364dbb589d0fd33e39702ef6c5a4e1a586e4,9b3cec6d351c16f1e11fde9cff34815f8f4fa0cfcf42b073e999e63ec680ad8b,55ff69d0b3cd9c40711680c61631ec7793ccbbd4b05e139f1ecbb0b1dbe14bc7,FD001,engine_endpoint,OFFICIAL,100
C03,FD001,primary,101,C03_b542ee03a95a_seed_101,outputs/c03_final_review_b542ee0,b542ee03a95a4e43fc142a2ae8cafb02ef6ca7e3,fe5f690f2aaa659873f4d9c65553e2dc0ad769d6878e9169ca146d4df114df4e,9a02140f6cfd137c02a89357db5bda1a95a4475e76b6ad2a78f7f926f4d0c844,846ba95a93b82e8754901a4afeda346afe83620b583e8c45b058d53751a5b0b7,FD001,engine_endpoint,OFFICIAL,100
C03,FD001,primary,137,C03_b542ee03a95a_seed_137,outputs/c03_final_review_b542ee0,b542ee03a95a4e43fc142a2ae8cafb02ef6ca7e3,e1f74c67b7907a280ece2395698e9e04d07db4885a189f5a10d9346d67d7ead7,73d3732d2f3958d01c31437bbd449bb0dcfcb4f2ac1849f8cbf65ef714e3aadd,2df61594f08aa0d2ea49f90da2a32e40f60ba2b651427bdf14d7d641f9aad600,FD001,engine_endpoint,OFFICIAL,100
C04,FD001,primary,13,C04_FD001_3bf92063fd99_seed_13,outputs/c04_final_hardened_3bf9206,3bf92063fd99e23b7cbdf6a439a2fc4344807710,0eb89ab2ad1ed2cf44330f86f852d0bdb0a7aa8fd86ba72ba06e772600daf7fa,70a7464b894a3de7480f56e482d78f1969cf2696d9e85f126e85e2f0febe957e,1ae8580aa20bde21a30a4dc92458ea89f9e85d1c8750ea6b112888e5b8f5bf5b,FD001,engine_endpoint,OFFICIAL,100
C04,FD001,primary,37,C04_FD001_3bf92063fd99_seed_37,outputs/c04_final_hardened_3bf9206,3bf92063fd99e23b7cbdf6a439a2fc4344807710,0dea8fa2f60f248a17c178fe74ffbf2065edabe834c64cab4ffc912aa51ea8ed,f5b5f73097f0a2ac483a61053269a371a64483c489b1d52c97f5eaa8b2b5286b,23275cff27eb5b512c01f0a49522c5bc1e4e3bdce4bd30f305eb4f9f47f1dcbc,FD001,engine_endpoint,OFFICIAL,100
C04,FD001,primary,73,C04_FD001_3bf92063fd99_seed_73,outputs/c04_final_hardened_3bf9206,3bf92063fd99e23b7cbdf6a439a2fc4344807710,6ddf10543ed9a7395595ca347ad4dd3d2abda80fbfe38523b434dd1738dead81,613fa44d33849f6b23715d72e4d09a88a67de273292866c9230aa77dc5588758,f701a1019e02448476409f9ecb8287c4ab5be7a0f14e3bddfda1047fba589e3a,FD001,engine_endpoint,OFFICIAL,100
C04,FD001,primary,101,C04_FD001_3bf92063fd99_seed_101,outputs/c04_final_hardened_3bf9206,3bf92063fd99e23b7cbdf6a439a2fc4344807710,fe0fc1d46cd1e622e3ca117be6270d39fe4f4e4cac0da5eb33a184d5d435e5fc,4c2994db94e3c762fb7f0f07c795605798803e7af895e43e5418f10d0f758914,fcae4c5ac578f2ef505f00144ba3f266c2a458127cc6f5a90d1e81f20eb73404,FD001,engine_endpoint,OFFICIAL,100
C04,FD001,primary,137,C04_FD001_3bf92063fd99_seed_137,outputs/c04_final_hardened_3bf9206,3bf92063fd99e23b7cbdf6a439a2fc4344807710,09e61c3b3615a061f475bd1b4e26fb48a0a7db4c04457628dc9a8352774cebeb,37046e2fcddc31f51289a10671417f20ac78af907fe31058677d67f023b6978a,4e36384a59d97d4c372d4f2fadea4dedd41c345467d6c61a4b060e1ef540ab7a,FD001,engine_endpoint,OFFICIAL,100
C04,FD002,primary,13,C04_FD002_3bf92063fd99_seed_13,outputs/c04_final_hardened_3bf9206,3bf92063fd99e23b7cbdf6a439a2fc4344807710,a7637c768221f74000508d083c4f791d1b5b1ec95f2b1618129769251b727125,5440e39d72d3fe354ffe890f55eb3cc785d9311c8e37e8e80ac12ad59492c6e7,de2c8976b2da16a26f9636f6662bab669a4aa7ce65f15ce56b6d1cd7573c701f,FD001,engine_endpoint,OFFICIAL,259
C04,FD002,primary,37,C04_FD002_3bf92063fd99_seed_37,outputs/c04_final_hardened_3bf9206,3bf92063fd99e23b7cbdf6a439a2fc4344807710,3a51502e3788ac64548cb37a111dcb7d5649affb6f64e7ec04a063de2eed88f6,19e4d60a096b6602bcb25ad925cc0a8042f316625f46aec6df340532f9cdef40,b067fa160acf45396b6b7ca3e0617d12a5b07b5169eb955e772cb4a8c180fab5,FD001,engine_endpoint,OFFICIAL,259
C04,FD002,primary,73,C04_FD002_3bf92063fd99_seed_73,outputs/c04_final_hardened_3bf9206,3bf92063fd99e23b7cbdf6a439a2fc4344807710,39b3b9af814b55c77878f2ee1325a73d921f9b1de6c3b8708be443837358b92e,456ef0b3bf7c73444af6df8c76a7172f7682d3cd0783a972f32411f10a1f8765,bfbd08257ee89fbedac239e1b78b21030301d799502b306b724f454d32da5f99,FD001,engine_endpoint,OFFICIAL,259
C04,FD002,primary,101,C04_FD002_3bf92063fd99_seed_101,outputs/c04_final_hardened_3bf9206,3bf92063fd99e23b7cbdf6a439a2fc4344807710,4e34ac3a5e260b42aac866e476ceb167dea09c411672612dfc666bf34fcb9a63,83c511046fa8970eada1c44b85593ef26cb927e8ea82abeeaaceeeb94d4ef556,710c87c7fc2887a0c3c73f3c6faf6b174244bebd0b3b6ccb1197349d613cc239,FD001,engine_endpoint,OFFICIAL,259
C04,FD002,primary,137,C04_FD002_3bf92063fd99_seed_137,outputs/c04_final_hardened_3bf9206,3bf92063fd99e23b7cbdf6a439a2fc4344807710,e8d53874de3a9e6cee27ea4a366a05be6cfc5d832f3239ee0057100eedd595d8,cc4a3cc30f6d650947506e58ecac4d9092453206e15a4303fafc5e639a0b9f83,2ddf7b2703b6fe12d76a1ca1875d3f0ce10bd79e40d1e26ce1e6f010b96d0675,FD001,engine_endpoint,OFFICIAL,259
C04,FD003,primary,13,C04_FD003_3bf92063fd99_seed_13,outputs/c04_final_hardened_3bf9206,3bf92063fd99e23b7cbdf6a439a2fc4344807710,d7d3e5652655a1c0d36eba5dc30edd8c2f893c02e7c6b5263f900f73c5851248,eda2a004a817c4a8371c7691ab01efb12de38ec4fc63b09319de3f7b05fc4ba9,d083da3a553ef3538ec922b91f5ef328f1fcf1f575e9997281ba2380b1e3d1b3,FD001,engine_endpoint,OFFICIAL,100
C04,FD003,primary,37,C04_FD003_3bf92063fd99_seed_37,outputs/c04_final_hardened_3bf9206,3bf92063fd99e23b7cbdf6a439a2fc4344807710,c52a53204a7de7c78a8448790722f53ec980c1e4e4fce78c47732a315ea0edc1,2b5c5235b6458f28f000f42263d71511eb065aeb2d3d2aca833f6ffeac40511c,c94992a374183d4462077ac486200913e237c834e76e6e651029b90ef9a94210,FD001,engine_endpoint,OFFICIAL,100
C04,FD003,primary,73,C04_FD003_3bf92063fd99_seed_73,outputs/c04_final_hardened_3bf9206,3bf92063fd99e23b7cbdf6a439a2fc4344807710,3f09d3d00b4955dc54138f3732d7535701d6d555398521e5c0eaee9557389313,6bde5d574d85f9c7fad6cae8b5a1db1fdc18a546cd023bc8540ae7a47b314560,37211b4a5991690139974d2a0cd8f491c5489e7644bb9836ffc9ddab558ee11d,FD001,engine_endpoint,OFFICIAL,100
C04,FD003,primary,101,C04_FD003_3bf92063fd99_seed_101,outputs/c04_final_hardened_3bf9206,3bf92063fd99e23b7cbdf6a439a2fc4344807710,a280b2375c32fd5e565408e82f529d5f5936d1822d8eebbb74a330fb5d20b0fc,2d5f60577c95db86f59ce6c0a7abdaa20af3e7a9a758ea06f434db730dedc6d4,f3e22720eca0168d56c8b6914d6b2c4655f85c9e5e06641fd8336a18ff9706de,FD001,engine_endpoint,OFFICIAL,100
C04,FD003,primary,137,C04_FD003_3bf92063fd99_seed_137,outputs/c04_final_hardened_3bf9206,3bf92063fd99e23b7cbdf6a439a2fc4344807710,4cacabac155ff181fe370d1d21b2002654d35ae4852ce36b7d60d51a5c5e6763,b72e0d8dd617fbaf08ebc1888083b935f8b3a3458a3ae33067e4e304878c5c22,8637e9f98b9091da48937bc8e295bfcf79f784c0ca8a6f36f5792e3f070c146c,FD001,engine_endpoint,OFFICIAL,100
C04,FD004,primary,13,C04_FD004_3bf92063fd99_seed_13,outputs/c04_final_hardened_3bf9206,3bf92063fd99e23b7cbdf6a439a2fc4344807710,6a49609200cd54bad7502c1381d9721caeb4bfd298c5a7ac2a5effc5165dd643,f74dd1455e4168cb9d65b2aec3ba09090a9a12e4e52a242d90ad2b66ab36ed6a,d9ebc5e62f3a6f37340b41879c14324aeb5dadad83e63844777fbc3c8eea96e6,FD001,engine_endpoint,OFFICIAL,248
C04,FD004,primary,37,C04_FD004_3bf92063fd99_seed_37,outputs/c04_final_hardened_3bf9206,3bf92063fd99e23b7cbdf6a439a2fc4344807710,288229b7f42eaea4421ebce9b2ffa23fc9550f063e8a22a19ee4326ca1156103,3b06d7b8f396db226bbaeb937391face9ae550a767dbdc431c3ac5aa22335a15,6763f70f0c99047db04bbe0317695a2d0441bd46d28efaf07cbcb182d9a43a51,FD001,engine_endpoint,OFFICIAL,248
C04,FD004,primary,73,C04_FD004_3bf92063fd99_seed_73,outputs/c04_final_hardened_3bf9206,3bf92063fd99e23b7cbdf6a439a2fc4344807710,8b2ff1aaee617177379692a16091dd8e45246fc2aabdfb843bc007d3c9ec7da9,e365b95e1213fe66b2343373d2900bde7841008999b803aa956422eeae2ed976,6f755be663b27d45ae7cba285979a3e6712f994bd34fc92de183e2ad80dceed0,FD001,engine_endpoint,OFFICIAL,248
C04,FD004,primary,101,C04_FD004_3bf92063fd99_seed_101,outputs/c04_final_hardened_3bf9206,3bf92063fd99e23b7cbdf6a439a2fc4344807710,1c08faede2582624803d4b9cfb0b1506c4b1b42083a2a1dea7a2959bc3121108,c2559a2d283a3e854b8df4c9859f40830b28288716ccdf551984ce04bab0f74b,25e52b7e59fac768337790bcc64197aa6b87fe9bffa164402870cb01edaa4262,FD001,engine_endpoint,OFFICIAL,248
C04,FD004,primary,137,C04_FD004_3bf92063fd99_seed_137,outputs/c04_final_hardened_3bf9206,3bf92063fd99e23b7cbdf6a439a2fc4344807710,6e06015c4fcdc28c448dac7b3c1c59cace3949f642d1ef952b369d2f1ffeae31,715cb2dd1c6d315eb558896b18c90cb05b0ccdc1a55d55cbf54469c249061d5a,455bc6ef386362d3868191653d2efe8d9ea4c962a5bda0ff47859db255bfb355,FD001,engine_endpoint,OFFICIAL,248
C05,FD002,primary,13,C05_FD002_0cfbe6357863_seed_13,outputs/c05_final_bounded_0cfbe63,0cfbe6357863e5bffcf4b3223823d1323fd86b0a,70d7be6bf67e11cf173126f71cafab59bc9610c729270ecc14bc6c9199780609,ecb443515925213a4b19422ae4c7716f4ee6bfde77c71692e2136e2105b55cd3,de2c8976b2da16a26f9636f6662bab669a4aa7ce65f15ce56b6d1cd7573c701f,FD001,engine_endpoint,OFFICIAL,259
C05,FD002,primary,37,C05_FD002_0cfbe6357863_seed_37,outputs/c05_final_bounded_0cfbe63,0cfbe6357863e5bffcf4b3223823d1323fd86b0a,ff59ec61b276ad590c54f60902a1c198b9e920da5130c6a0e9f543191c012847,fa60ffd628f5ffa273d934d6ba4800f7d039a1d622e9c8c4b2e418a1a6ee531e,b067fa160acf45396b6b7ca3e0617d12a5b07b5169eb955e772cb4a8c180fab5,FD001,engine_endpoint,OFFICIAL,259
C05,FD002,primary,73,C05_FD002_0cfbe6357863_seed_73,outputs/c05_final_bounded_0cfbe63,0cfbe6357863e5bffcf4b3223823d1323fd86b0a,1e95a13993dad8fb4c5db1d71a8ec149792edbaad0e4a83cf95ad506a3aa4b1c,998ed05861d2fe39a6c66730aa617ea846591bf93b77d9b52ba1739fd198ab4b,bfbd08257ee89fbedac239e1b78b21030301d799502b306b724f454d32da5f99,FD001,engine_endpoint,OFFICIAL,259
C05,FD002,primary,101,C05_FD002_0cfbe6357863_seed_101,outputs/c05_final_bounded_0cfbe63,0cfbe6357863e5bffcf4b3223823d1323fd86b0a,3a4301dbf785b66065f41e6606400b7adda5445c868f9692a2d2af904fe2616a,3eafddf0ed39bf625808ac53fed201c3074c297032207b17b973733e27940078,710c87c7fc2887a0c3c73f3c6faf6b174244bebd0b3b6ccb1197349d613cc239,FD001,engine_endpoint,OFFICIAL,259
C05,FD002,primary,137,C05_FD002_0cfbe6357863_seed_137,outputs/c05_final_bounded_0cfbe63,0cfbe6357863e5bffcf4b3223823d1323fd86b0a,99352554768cf7505302650644f9471ae66c5ae7a06713d578b73209ca6bc14b,c418d678298ab208c4b757a484812f4f3ed5f07c64c319278007693c4f51ed17,2ddf7b2703b6fe12d76a1ca1875d3f0ce10bd79e40d1e26ce1e6f010b96d0675,FD001,engine_endpoint,OFFICIAL,259
C05,FD003,primary,13,C05_FD003_0cfbe6357863_seed_13,outputs/c05_final_bounded_0cfbe63,0cfbe6357863e5bffcf4b3223823d1323fd86b0a,9c1d792e662e378d8c99795993e7d7ecaffcaa1bbe21d144f6cc2849ce1ef497,19bacf049b035f3fd6cd97fce331fe7e92777d105dca931cb4b9edd3da68a1f9,2a4cdd5abacb272f8192cf69af16b20118301850945a97d7f8950ea7a9fbc222,FD001,engine_endpoint,OFFICIAL,100
C05,FD003,primary,37,C05_FD003_0cfbe6357863_seed_37,outputs/c05_final_bounded_0cfbe63,0cfbe6357863e5bffcf4b3223823d1323fd86b0a,60882fe97a3f29d6b2a2067e4ebbaa3ff993a5bb00b5d52872a73d2045c22fce,ce44c11ad7ccb955efc04f28bff1939702494f687e3c7ca2b5e31cc588ee2a81,c94992a374183d4462077ac486200913e237c834e76e6e651029b90ef9a94210,FD001,engine_endpoint,OFFICIAL,100
C05,FD003,primary,73,C05_FD003_0cfbe6357863_seed_73,outputs/c05_final_bounded_0cfbe63,0cfbe6357863e5bffcf4b3223823d1323fd86b0a,2e997dcc66a0d456dfc1ac9131ab7917bf2a897f53d564aba60576512fb35537,350d97ece8c8da163930588f72a93373d6cf04b9860844e2da57f485b0c0d647,37211b4a5991690139974d2a0cd8f491c5489e7644bb9836ffc9ddab558ee11d,FD001,engine_endpoint,OFFICIAL,100
C05,FD003,primary,101,C05_FD003_0cfbe6357863_seed_101,outputs/c05_final_bounded_0cfbe63,0cfbe6357863e5bffcf4b3223823d1323fd86b0a,b514239b17d8c782e8fc9717591c9d6b8130e7089f536fa1d841866d41866542,d2b9527195e831d90f7205bd10b850d8678e4e905b9917af63c2d43ef9f6fef1,f3e22720eca0168d56c8b6914d6b2c4655f85c9e5e06641fd8336a18ff9706de,FD001,engine_endpoint,OFFICIAL,100
C05,FD003,primary,137,C05_FD003_0cfbe6357863_seed_137,outputs/c05_final_bounded_0cfbe63,0cfbe6357863e5bffcf4b3223823d1323fd86b0a,ca1794ba628bebb8ae304a79b285fc8165758b95665cb7568c0d758e008827b0,54b74b220e1f84df180f5c2c9ddd28dd0a3a4d59d98b85bd3462e13f06dfc8c7,8637e9f98b9091da48937bc8e295bfcf79f784c0ca8a6f36f5792e3f070c146c,FD001,engine_endpoint,OFFICIAL,100
C05,FD004,primary,13,C05_FD004_0cfbe6357863_seed_13,outputs/c05_final_bounded_0cfbe63,0cfbe6357863e5bffcf4b3223823d1323fd86b0a,ece69655425f6c4f59916b506149e3c555a0d53181cb1fa3d181f530984d5929,4ff71ca05556519d84b4df26f6ce74ed4fa3f3d4593794d6c7441b9bf4e4d3c3,d9ebc5e62f3a6f37340b41879c14324aeb5dadad83e63844777fbc3c8eea96e6,FD001,engine_endpoint,OFFICIAL,248
C05,FD004,primary,37,C05_FD004_0cfbe6357863_seed_37,outputs/c05_final_bounded_0cfbe63,0cfbe6357863e5bffcf4b3223823d1323fd86b0a,3f987cd375bcfeaa415c55f45723c1ac56e0dcaa3f1e4b48b1d0ddacf083420b,a4c85262f2034489f580b9b48b54b9c8439562cc52b5d31bae2952bb36b9a2e3,6763f70f0c99047db04bbe0317695a2d0441bd46d28efaf07cbcb182d9a43a51,FD001,engine_endpoint,OFFICIAL,248
C05,FD004,primary,73,C05_FD004_0cfbe6357863_seed_73,outputs/c05_final_bounded_0cfbe63,0cfbe6357863e5bffcf4b3223823d1323fd86b0a,2bbce1b4d71024e01938e363c85d775d16cccb5cd0bff11231fe2251e4c66807,6fe974abc5c2d38533ebfbc1fe60b943086d2740f8370687f7c1899c35a3f242,6f755be663b27d45ae7cba285979a3e6712f994bd34fc92de183e2ad80dceed0,FD001,engine_endpoint,OFFICIAL,248
C05,FD004,primary,101,C05_FD004_0cfbe6357863_seed_101,outputs/c05_final_bounded_0cfbe63,0cfbe6357863e5bffcf4b3223823d1323fd86b0a,71d058b92c91917c076c433b5e525ec6001a598c67efefbe0949a5feabd925a1,818fb6c5ad3d62307ab33c5e191a5095f5f156a427e1370269812f96bbd9ba65,25e52b7e59fac768337790bcc64197aa6b87fe9bffa164402870cb01edaa4262,FD001,engine_endpoint,OFFICIAL,248
C05,FD004,primary,137,C05_FD004_0cfbe6357863_seed_137,outputs/c05_final_bounded_0cfbe63,0cfbe6357863e5bffcf4b3223823d1323fd86b0a,74f3fe21cd7921bd1b149d277454d338f86f0043357111c94ac9bc955fc25124,e0d11f1f7fd6b9ea7c86ba6442a48ce60d2b81c6f1cc731cf36ceabfc7d6f948,455bc6ef386362d3868191653d2efe8d9ea4c962a5bda0ff47859db255bfb355,FD001,engine_endpoint,OFFICIAL,248
C06,FD001,cap_130,13,C06_cap_130_c86eff420321_seed_13,outputs/c06_final_c86eff4,c86eff4203214cd7b64c5d908bb71cab69f7c555,b5bd104d48d60fcf78cbbf2cccd2a67fa063fcd8ea6ea1cd288bcf8acc0640cf,c3fd9d715c8e8f09a0e75dee984b79e80a25007195a25f7ab8a0e1e3ef36ff79,ec93b4121d1eccff8ce7e59550ba6e60d5f4b464d4cf653f9fe396f45541f6ca,FD001,engine_endpoint,OFFICIAL,100
C06,FD001,cap_130,37,C06_cap_130_c86eff420321_seed_37,outputs/c06_final_c86eff4,c86eff4203214cd7b64c5d908bb71cab69f7c555,6a510b808ad78c878fa52db43591333f7acc89ed09509ad30349b2746d1ded26,b25edfdecc0a0b367f0f080816a95fd3c3e5780d6624602fc01cec6d94df82e2,dba1f0c7129690f8efe1cd92e54699eeb764f3d75f7298495a8812a0f2887eba,FD001,engine_endpoint,OFFICIAL,100
C06,FD001,cap_130,73,C06_cap_130_c86eff420321_seed_73,outputs/c06_final_c86eff4,c86eff4203214cd7b64c5d908bb71cab69f7c555,adecec46e432f6570cc4f3dfe7a7706fdf8d75dc5500d4e3a13da170d1fa0100,793f32b0d015b28d34ded21b5b0caf30e83c405cf2026dc6cfa99fa8ce422c95,f4a28b8d2172b497ec331b8c132eb3ab80a3c30992a3c617fd52ce57166bda88,FD001,engine_endpoint,OFFICIAL,100
C06,FD001,cap_130,101,C06_cap_130_c86eff420321_seed_101,outputs/c06_final_c86eff4,c86eff4203214cd7b64c5d908bb71cab69f7c555,cbe5551c07643bf49a68deb2becb3de384e9874ce19044f5218b1d92f43772a1,2bc1740d5d260efca858c3b4da1ae598391af083d8f4b9d08f2d58ab9c4683b2,d0749c56a83464cdb4ba951b8cc5b2e5dbcb1e11500e1e3943abef075c8ce4a4,FD001,engine_endpoint,OFFICIAL,100
C06,FD001,cap_130,137,C06_cap_130_c86eff420321_seed_137,outputs/c06_final_c86eff4,c86eff4203214cd7b64c5d908bb71cab69f7c555,df9604b2f75765d5a7ddf013c3fd60d14dc13761884debf8789c54f052ddc565,d40131fd514b01e8d9ab9ddaa575b695012cc419c4be50f82a050bbd5e5cf757,4c16308aa1dbcf9cd26dec2b7c2cda4bd8cfcafa9daf85f4438375b47225c6f8,FD001,engine_endpoint,OFFICIAL,100
C06,FD001,early_calibration,13,C06_early_calibration_c86eff420321_seed_13,outputs/c06_final_c86eff4,c86eff4203214cd7b64c5d908bb71cab69f7c555,94d43e99e64fe62393ed8059e659acf93cf0bc9ab0ed0b89f3accac6ec3b14aa,6c6a2624072d9489732942bd9b871f5c142aff623d5a808a939e790cb03752fb,854cf3f04c12366b7d1aba91b57ac4093bed67bed2df8557eea1fd144caa686b,FD001,engine_endpoint,OFFICIAL,100
C06,FD001,early_calibration,37,C06_early_calibration_c86eff420321_seed_37,outputs/c06_final_c86eff4,c86eff4203214cd7b64c5d908bb71cab69f7c555,5b654f3df7287bec31f6d0441c633c4b526185fba3bffca287da0124e24682f4,da537de1b2c2835698d5dd540f4c39383ee786c6e2a8a25faf3dad1bcc9cd51a,a138614a630a7b1e0783bf5bb5947fcf474cba08e8b5ca50003939f0d57a50df,FD001,engine_endpoint,OFFICIAL,100
C06,FD001,early_calibration,73,C06_early_calibration_c86eff420321_seed_73,outputs/c06_final_c86eff4,c86eff4203214cd7b64c5d908bb71cab69f7c555,d46212af096ceda55313179ec9a969787b09c8c6f025326cd08b0a736ca4f4aa,db8eb2237d2aee56f2627a4ce66db91010c9b34b9044591d4130ef164ef5c3e8,8a03542365e552d41fcf8c950a30b5c01f25df3ae2b42e6c039d7fc0dc612271,FD001,engine_endpoint,OFFICIAL,100
C06,FD001,early_calibration,101,C06_early_calibration_c86eff420321_seed_101,outputs/c06_final_c86eff4,c86eff4203214cd7b64c5d908bb71cab69f7c555,c33276933f988495776a4639f2d07af0caabe97ca6f4a7452e2369ea73ef38e0,6c65caa631ce816a37cfc1b97d8f5c7338e7b13c50b707c992595940d08ba3ef,5c44599206f1270e780e9674f21c86629bb79b3d6bf180dce26c20e6a52b4535,FD001,engine_endpoint,OFFICIAL,100
C06,FD001,early_calibration,137,C06_early_calibration_c86eff420321_seed_137,outputs/c06_final_c86eff4,c86eff4203214cd7b64c5d908bb71cab69f7c555,028f538fb2e54338bfd223f89fada9245fa9ea540845d5f1231ee52b82c697a3,282ee3e9996eea4b1b64664c88f643bac359a5ff3e56b345f1e53ab51dee02c3,e2b21989e5ba4f971041d2d4cb7af2bae4048482a0fe7cdbf247849a35c2dd30,FD001,engine_endpoint,OFFICIAL,100
C06,FD001,late_calibration,13,C06_late_calibration_c86eff420321_seed_13,outputs/c06_final_c86eff4,c86eff4203214cd7b64c5d908bb71cab69f7c555,565653ebd216b202f2691a4b1a3c160dfcfd24f3935e1f9cffe9546c4db4ba28,a271dd76aa2687e98374a67bcc1b00de5658d8c1c3c558e070bbac66ebef819e,6247178b4b37288070db02572930363d2c5f87ddeb7b16f8314dadc33f63e5e4,FD001,engine_endpoint,OFFICIAL,100
C06,FD001,late_calibration,37,C06_late_calibration_c86eff420321_seed_37,outputs/c06_final_c86eff4,c86eff4203214cd7b64c5d908bb71cab69f7c555,6ccb5c7492798867277465ca994a670dad7fd90b6827e8cb36c08ccd7635c3f5,dd2951ac4489edaa9a3a6bdd89bf4d62df1e089a8f7865617240718b64231460,5f136982799940e2fb7f3ac7dba5c74ca84c05abd172ccb7de80142c44b8b8db,FD001,engine_endpoint,OFFICIAL,100
C06,FD001,late_calibration,73,C06_late_calibration_c86eff420321_seed_73,outputs/c06_final_c86eff4,c86eff4203214cd7b64c5d908bb71cab69f7c555,22cc268b9713f942eb1d9b078adcbb6d4e70934c25cdf7a3ff58939766d914e1,71ad4e8b668fe8baff154ba8b7308ddb2b2f1de3c7226d8dfeed5ace5c9a18d4,b0f271dd52795e21574a67ee13bb3288a4d71fa5092704ca3e57f2529da135ae,FD001,engine_endpoint,OFFICIAL,100
C06,FD001,late_calibration,101,C06_late_calibration_c86eff420321_seed_101,outputs/c06_final_c86eff4,c86eff4203214cd7b64c5d908bb71cab69f7c555,e88a2610a01ee8763ea704268724c7db668a26675ed76946206cd1ec518884a4,91feeb6acb4b214d5cf04a28feba211bd431c181d900c058c621c5e106e72d50,e41b21f4180ef53e4c2744a0afefd6cccf7a9dee530e2b8fcb29751c1a7f1d8a,FD001,engine_endpoint,OFFICIAL,100
C06,FD001,late_calibration,137,C06_late_calibration_c86eff420321_seed_137,outputs/c06_final_c86eff4,c86eff4203214cd7b64c5d908bb71cab69f7c555,afbc5ddc66bae7926baede166957c69e4caf811221d2d13e11dfea5183c7ff93,c7f5ad1e08c98b8645a78b639f2bad0c42eff7c804952dce3acf4c0c8e44339a,bd044cd22f984a514dedb7f1d9fee554353ac1160b77e527bbbcdddcfe1ee11a,FD001,engine_endpoint,OFFICIAL,100
C06,FD001,primary,13,C06_primary_c86eff420321_seed_13,outputs/c06_final_c86eff4,c86eff4203214cd7b64c5d908bb71cab69f7c555,fa24209b5c5c35d3e8684a326a0eb294753ab57c8573bf0a83c9f44dfcda1273,70a7464b894a3de7480f56e482d78f1969cf2696d9e85f126e85e2f0febe957e,1ae8580aa20bde21a30a4dc92458ea89f9e85d1c8750ea6b112888e5b8f5bf5b,FD001,engine_endpoint,OFFICIAL,100
C06,FD001,primary,37,C06_primary_c86eff420321_seed_37,outputs/c06_final_c86eff4,c86eff4203214cd7b64c5d908bb71cab69f7c555,e11b5eaabca48e0dee3dc32442bd337c7cbaeffb5ddfafb12360af432be1a2b0,f5b5f73097f0a2ac483a61053269a371a64483c489b1d52c97f5eaa8b2b5286b,23275cff27eb5b512c01f0a49522c5bc1e4e3bdce4bd30f305eb4f9f47f1dcbc,FD001,engine_endpoint,OFFICIAL,100
C06,FD001,primary,73,C06_primary_c86eff420321_seed_73,outputs/c06_final_c86eff4,c86eff4203214cd7b64c5d908bb71cab69f7c555,876fae5c024b2634b85d6e6a3379043f8c86f380c478a507a03344f10572142e,613fa44d33849f6b23715d72e4d09a88a67de273292866c9230aa77dc5588758,f701a1019e02448476409f9ecb8287c4ab5be7a0f14e3bddfda1047fba589e3a,FD001,engine_endpoint,OFFICIAL,100
C06,FD001,primary,101,C06_primary_c86eff420321_seed_101,outputs/c06_final_c86eff4,c86eff4203214cd7b64c5d908bb71cab69f7c555,289afdd1f913956669715a713a3ac564fefca58bba6fc13afb58935878be5720,4c2994db94e3c762fb7f0f07c795605798803e7af895e43e5418f10d0f758914,fcae4c5ac578f2ef505f00144ba3f266c2a458127cc6f5a90d1e81f20eb73404,FD001,engine_endpoint,OFFICIAL,100
C06,FD001,primary,137,C06_primary_c86eff420321_seed_137,outputs/c06_final_c86eff4,c86eff4203214cd7b64c5d908bb71cab69f7c555,8819569faa808171ad07f68f2896f552d945bead1a30e6a0fddf49bca3759b2d,37046e2fcddc31f51289a10671417f20ac78af907fe31058677d67f023b6978a,4e36384a59d97d4c372d4f2fadea4dedd41c345467d6c61a4b060e1ef540ab7a,FD001,engine_endpoint,OFFICIAL,100
C07,FD001,primary,13,C07_FD001_8b6c6bf96f05_seed_13,outputs/c07_final_8b6c6bf,8b6c6bf96f05abb9a445fae98a7bba1bce888eb3,691d0bcefb5aac842f137c58685402dc0dab80593d7cdf9279969896b88910f7,6e95af0fe3d41f4183f914f2b65c40dbd6f9e7191c2bcc9ff3b57c802e89aea6,2185dd6861318557ef06f488a8db7698d79445e26829658e5babd4a169e4f69e,FD001,engine_endpoint,OFFICIAL,100
C07,FD001,primary,37,C07_FD001_8b6c6bf96f05_seed_37,outputs/c07_final_8b6c6bf,8b6c6bf96f05abb9a445fae98a7bba1bce888eb3,29503b67b84e86fb51897ca413d6a93fce2c2a318664c7f1ea2a5d21424533e7,a6c2ecf9d3f97f7965e7f744820448c37f0f85e3817bf0e29d5bf7f3279f0838,51d7191aac15256c0dbf90230812db340f8e6c624e7a39b8f21f0ecdb75db320,FD001,engine_endpoint,OFFICIAL,100
C07,FD001,primary,73,C07_FD001_8b6c6bf96f05_seed_73,outputs/c07_final_8b6c6bf,8b6c6bf96f05abb9a445fae98a7bba1bce888eb3,9342fce9a454df199b9eab9c6ce5ca95b39b446640e1ecda9ecc0a104dd31ddb,cf189490e773f8df0711b474a01bfc7b24cc441ada200ba1d62e3a185072a64a,1ee75cbefe19ccf76bb97c7bd95792f554c29a3ea830180866606f19c3a6fa22,FD001,engine_endpoint,OFFICIAL,100
C07,FD001,primary,101,C07_FD001_8b6c6bf96f05_seed_101,outputs/c07_final_8b6c6bf,8b6c6bf96f05abb9a445fae98a7bba1bce888eb3,81249fba316a747b947ddbffb30ca3b51b602ade96940d27bccff09315ac5d25,024f6668b446cc0eb392af30677b9d4ffe2f08069dd21f2fa806e8410e0f3ea2,33e7f16d8d29f5abbed9be109b740fdabc36f1ffeb3cd9fc2f0ede2b6b18c4c0,FD001,engine_endpoint,OFFICIAL,100
C07,FD001,primary,137,C07_FD001_8b6c6bf96f05_seed_137,outputs/c07_final_8b6c6bf,8b6c6bf96f05abb9a445fae98a7bba1bce888eb3,06a4d870dcf9827c0d4d7e079e469ea0aa794e9e5abaa412d7fe0ca553f5f207,822746307d5e5a917f7394151ce8251e92398a0868047382556ff968e4a5201e,1bc2c304543d5af9be8ec4b4be3b4852ceaeab343d7ab52f66bde379a5378eff,FD001,engine_endpoint,OFFICIAL,100
C07,FD002,primary,13,C07_FD002_8b6c6bf96f05_seed_13,outputs/c07_final_8b6c6bf,8b6c6bf96f05abb9a445fae98a7bba1bce888eb3,851c6ae71215de4f41bb1b5959da287b01f99597d925718aa9cef5ff14cc7c83,074de4f6b296ca99055cd8a02dc05e70ab13e404d988a760346c85b423a9c2f7,929803d31e59ae4e200f2f727723a1fb533e2047801bc328ff4784f251d47e68,FD001,engine_endpoint,OFFICIAL,259
C07,FD002,primary,37,C07_FD002_8b6c6bf96f05_seed_37,outputs/c07_final_8b6c6bf,8b6c6bf96f05abb9a445fae98a7bba1bce888eb3,5fa8c8be2a7d6d1006e0c4b00a195d97158660b468eeb95ef6265d37a83f8037,abfb53a18b534d2b200fe02e204c4d78ba1d431dafea2be43627dc83e636dbb3,cdbdbfe6a1602d6d0b6a70f26977609b798fb01c805adecfa72ba58a78a9d65c,FD001,engine_endpoint,OFFICIAL,259
C07,FD002,primary,73,C07_FD002_8b6c6bf96f05_seed_73,outputs/c07_final_8b6c6bf,8b6c6bf96f05abb9a445fae98a7bba1bce888eb3,252451e234cc6055be1a5195bc9de7a983ccaf35219e4fe6b058e5adb76e58d2,8dcf995195e5776fc0d42b320989cfdbe4e89e43e990ed251015a1aadcbbba9d,cf9dede2c623097202274f86be42a9f0c8640f7f189561810b2484fb2a5c3546,FD001,engine_endpoint,OFFICIAL,259
C07,FD002,primary,101,C07_FD002_8b6c6bf96f05_seed_101,outputs/c07_final_8b6c6bf,8b6c6bf96f05abb9a445fae98a7bba1bce888eb3,1759ffb6253e2068e9b06e2d4019b6e87dae83d43ffc8f3b6805f8ba5513520d,c0e84d2647e6e5ae3c8fa6bae4d22cd98351802dac172cee89deb25713617336,79a8141b3f315920ddff20473153ade24f36c25c9568331bfa3426a049be9e59,FD001,engine_endpoint,OFFICIAL,259
C07,FD002,primary,137,C07_FD002_8b6c6bf96f05_seed_137,outputs/c07_final_8b6c6bf,8b6c6bf96f05abb9a445fae98a7bba1bce888eb3,5bbfb4089f8029c74f40422e4e86f7cd9103392ccae8c4d608ca48d4151e57b8,eca66e9c002e5c5a1bf1df3181c12272eead0872c0ba0268806c24189dd1b2d2,1c68f92e55b2fad4dc206b3dbcbb51b5957c0a30328293bf439f17f0cb59672b,FD001,engine_endpoint,OFFICIAL,259
C07,FD004,primary,13,C07_FD004_8b6c6bf96f05_seed_13,outputs/c07_final_8b6c6bf,8b6c6bf96f05abb9a445fae98a7bba1bce888eb3,43dbdc130184aeffecbb6903fcdf01d82d38e06597714e4487e40e4b0e0154a5,ab66c83a8c60904dee209014a246674da9925e8cb45f1aaf3a253b4f6faa7dbd,fa3cede489b1afdeed35466134728cb2bd5e5242649ba073ba927cd7a77398a0,FD001,engine_endpoint,OFFICIAL,248
C07,FD004,primary,37,C07_FD004_8b6c6bf96f05_seed_37,outputs/c07_final_8b6c6bf,8b6c6bf96f05abb9a445fae98a7bba1bce888eb3,a322bb46b08cf2769a1ba91dc02d96ccfdb139c3761043263387978b0365c2f4,d0dcc4385a59343bf8a51b5701aa8af93854b1333e41cc64e91e0fcae8f7530c,89602c805fa97837bd126b9f75334225fcc55ec9abaecbbf6b365f34ab3481ad,FD001,engine_endpoint,OFFICIAL,248
C07,FD004,primary,73,C07_FD004_8b6c6bf96f05_seed_73,outputs/c07_final_8b6c6bf,8b6c6bf96f05abb9a445fae98a7bba1bce888eb3,9478a3bbb523a2c5cc5196ccaced88e2e6568d51fff0eb57a5f879d3f41b31aa,bbbdb7cbbeee572eef30661b0033fc38cae37502b1dce7d645a3d22ee2315ff4,ecbfe11191a8f811612edbe39237e2edfd38ab372acba59e179669574fef83c3,FD001,engine_endpoint,OFFICIAL,248
C07,FD004,primary,101,C07_FD004_8b6c6bf96f05_seed_101,outputs/c07_final_8b6c6bf,8b6c6bf96f05abb9a445fae98a7bba1bce888eb3,cbdb81022c5c0662398eebbc77ba09d53893314a92ad6edd146e0fb80ed82250,ee0ffd300d45749b208dd782c1169271bb893987fd205b5e6e824bf545063ea0,23a80e04ae84c5d3401af62d283770c016fe924479b372bc7047c480beb3c0d6,FD001,engine_endpoint,OFFICIAL,248
C07,FD004,primary,137,C07_FD004_8b6c6bf96f05_seed_137,outputs/c07_final_8b6c6bf,8b6c6bf96f05abb9a445fae98a7bba1bce888eb3,c0ba64f841f371f33c3e2477f96954aa3371e3320f09857760768a4e90e766fd,b933906ce695cd239e926b4834e698b78f8cbc7a380c0e0bc2099a3999195855,f851924c02c96face15a14e8a33ea4686003114de870cf4f1bd3c9fb192de61f,FD001,engine_endpoint,OFFICIAL,248
C08,FD001,primary,13,C08_FD001_8468e13b7f2c_seed_13,outputs/c08_final_8468e13,8468e13b7f2c7c3d937f0b4de6f5198e95e7b0b8,ab3bae9650ee71583be60d0ac47740bbb065d35acabb9fea725cb332b904c5ee,92c2d37e26ea4fe49795a412f64253cc8e2d4f367eac12d73be432aac7942ce1,8c452503eb03f274dac75d37a0e40315d67c7505ea62d23d29bc23bd21954493,FD001,engine_endpoint_prequential,OFFICIAL,100
C08,FD001,primary,37,C08_FD001_8468e13b7f2c_seed_37,outputs/c08_final_8468e13,8468e13b7f2c7c3d937f0b4de6f5198e95e7b0b8,94684685af8a146f8fde8232ff40ed5e71973df4d6ede1e5babefc89af7c9aa2,b6c232606759a8aa945a8800049f6d2812454f6ae0ec1c7d58000dc49fd806c7,725611b9812fdb8f8fb1d207a2ed24271d4b51fbf7fa0c0e8c0d3f7fbe19228d,FD001,engine_endpoint_prequential,OFFICIAL,100
C08,FD001,primary,73,C08_FD001_8468e13b7f2c_seed_73,outputs/c08_final_8468e13,8468e13b7f2c7c3d937f0b4de6f5198e95e7b0b8,44a7939414f5e85427ca2c4ab1112e2e3ce4ab87bab40d29528e4f7a37583071,d86f784728d229732ea26ca46a2a7031ff074859d76e42e155108bf2ac77512a,d21ddf9a0f14fec2d58ae86404cd16c1b4a29157bf3640566f7bc82ece4bc320,FD001,engine_endpoint_prequential,OFFICIAL,100
C08,FD001,primary,101,C08_FD001_8468e13b7f2c_seed_101,outputs/c08_final_8468e13,8468e13b7f2c7c3d937f0b4de6f5198e95e7b0b8,4141544af1d2dd1db2eae48163b356f6c670744959b6a86f370de28f6a7aa3be,f300769e4c4a0a42ec6079a84980dbb0fc57325be1218e89ba6255e38d655e2c,58f18cb2e3bb1e262f561fd1a7bcf988c703dd0de37885ac71a89776d51f0547,FD001,engine_endpoint_prequential,OFFICIAL,100
C08,FD001,primary,137,C08_FD001_8468e13b7f2c_seed_137,outputs/c08_final_8468e13,8468e13b7f2c7c3d937f0b4de6f5198e95e7b0b8,6d7412be60bfa6a329621318ea485760a1766e36e9a190de0c8af1aff812091e,b3f12acbb1e045338a327ba34b2b1d85bdc1ea2ff2c635f95426412e7c97f661,6c329c4252644f8c48438c74979923bd36ab55f48679ca51bf60bf1ab979ff50,FD001,engine_endpoint_prequential,OFFICIAL,100
C08,FD002,primary,13,C08_FD002_8468e13b7f2c_seed_13,outputs/c08_final_8468e13,8468e13b7f2c7c3d937f0b4de6f5198e95e7b0b8,f60e0de8aa48b2687272a1e9bedc9005af72c0d4d1aa2433c4fc887f2d819d89,fb691009b24ce0863081609b0aa829318eaa16c598033c2659f718770ef582c1,70888406c04b36133a64bc607f9eca6dc7abf0c023c901e66c7f7c29f3316888,FD001,engine_endpoint_prequential,OFFICIAL,259
C08,FD002,primary,37,C08_FD002_8468e13b7f2c_seed_37,outputs/c08_final_8468e13,8468e13b7f2c7c3d937f0b4de6f5198e95e7b0b8,932ece49b8a11ce509e334e95730c2bc3b5b68c6353827060c574083d997389f,59f8774cf60a580fb04f16bb7f7c423c9745b7c0ab89baddf28d8c762814babe,ee5f28b7cda7c4549310756a6b218d6e761c8fa2ab07e576d4e1ff93c0de8245,FD001,engine_endpoint_prequential,OFFICIAL,259
C08,FD002,primary,73,C08_FD002_8468e13b7f2c_seed_73,outputs/c08_final_8468e13,8468e13b7f2c7c3d937f0b4de6f5198e95e7b0b8,48e0718ac62097b2c394c7da184d85436efca39d6de07569904ad0c9fbde5e71,197b900ad934536a06e319c2443df185d13e0445f6ed821eb75bece8362b8207,973068cf8e96476f45dfbe28f7e7920df819089382aaffecc28f158965ecaf8d,FD001,engine_endpoint_prequential,OFFICIAL,259
C08,FD002,primary,101,C08_FD002_8468e13b7f2c_seed_101,outputs/c08_final_8468e13,8468e13b7f2c7c3d937f0b4de6f5198e95e7b0b8,76301ed76681bc2a41be1f4e12b81d41107068fe3cc20e7bd9e915c463f25100,90bd3dac10a11359ecc0304aee02ecce1e35c31a19727304f9893ad4420afa63,b1675cdf249d8450d2ce4f644276cca57be13990a993c3398f0172b52fad4cf7,FD001,engine_endpoint_prequential,OFFICIAL,259
C08,FD002,primary,137,C08_FD002_8468e13b7f2c_seed_137,outputs/c08_final_8468e13,8468e13b7f2c7c3d937f0b4de6f5198e95e7b0b8,408b17765a0f96e93d30f313b059e2421719a7e915306c226016e25cea8cbcc9,7f10fad80b84541771250dedf66f4eabb64fd3dfe3d5d3df43e83050856ba871,8ec45e4a5f165037881d3ca3fa405adbd0afbe17731f32b12ad40c41ca5e06d4,FD001,engine_endpoint_prequential,OFFICIAL,259
C08,FD003,primary,13,C08_FD003_8468e13b7f2c_seed_13,outputs/c08_final_8468e13,8468e13b7f2c7c3d937f0b4de6f5198e95e7b0b8,745d404b574a13d18fb7409ad2fffd4372e0114667dd510dffe8fea7eb42e01f,51e4671bddefa2f3164401395d5af3b99af5214635cf2a44b92c8efd995ad556,dd449ecc618071c976cc895a4a0f6196264d5a2c8ceb84cfc0a7fb4afb62663a,FD001,engine_endpoint_prequential,OFFICIAL,100
C08,FD003,primary,37,C08_FD003_8468e13b7f2c_seed_37,outputs/c08_final_8468e13,8468e13b7f2c7c3d937f0b4de6f5198e95e7b0b8,ba0f952fe28efb318d2b8a661daf9a3c36ed78a422e0660dc509e82a8e2117db,b658207798c142148caed2780990fa9574b403bfd8a6d62a407d1f96bda81283,f12b951da70d114803877a2f7ae399266b2d590b85790f6472b54dd542e7dfba,FD001,engine_endpoint_prequential,OFFICIAL,100
C08,FD003,primary,73,C08_FD003_8468e13b7f2c_seed_73,outputs/c08_final_8468e13,8468e13b7f2c7c3d937f0b4de6f5198e95e7b0b8,5c87c1340ab5c22528d6b88e4ebd8ee70978603c0819643d315ab9ccb60873e7,b6c817ac753b7c2b43d81d2b01e9e3932b48adebbcf13ef10c064d8712fe9abb,6cce097aafd256f06d8b1336b0b00a5c2897df3fdce2a6941661a71851323cdb,FD001,engine_endpoint_prequential,OFFICIAL,100
C08,FD003,primary,101,C08_FD003_8468e13b7f2c_seed_101,outputs/c08_final_8468e13,8468e13b7f2c7c3d937f0b4de6f5198e95e7b0b8,d2256344c125d1c6d4d32196b06bfbcc62e23e41e3d3563ffad8c4b5e4902992,c4f36966fba1f2d135a4e6d19277dd6993904d214032a74fbcb62fc5fd424359,3f20e098f5572757912d2832cde21c0d61b73bf23cfa60b1621846c17657117b,FD001,engine_endpoint_prequential,OFFICIAL,100
C08,FD003,primary,137,C08_FD003_8468e13b7f2c_seed_137,outputs/c08_final_8468e13,8468e13b7f2c7c3d937f0b4de6f5198e95e7b0b8,64ace9282afe9fa5c15622e29ded1fa22da304e2526a8602a4d58bfc0abd725f,9bdd094de523ee84e1817039446c509e81790e2b5aacedf85d56351975ee3d89,6ea8f76ac7030fe274ffd72ceeb0235bb4217034c99bbe615d33fc2c393ebec6,FD001,engine_endpoint_prequential,OFFICIAL,100
C08,FD004,primary,13,C08_FD004_8468e13b7f2c_seed_13,outputs/c08_final_8468e13,8468e13b7f2c7c3d937f0b4de6f5198e95e7b0b8,acd12ea2caba8bc8665ad5380b1345fe7287ad00ce3336c7a47b6f9025dcb71f,6a62820292723f3453c951d7d6886e1ca3a2aaff193e56f52e84b233d7ef5740,f4163f656e03c14528a040b45ff867cd738d8ccaf5e69ee56c1b537ab6ad6369,FD001,engine_endpoint_prequential,OFFICIAL,248
C08,FD004,primary,37,C08_FD004_8468e13b7f2c_seed_37,outputs/c08_final_8468e13,8468e13b7f2c7c3d937f0b4de6f5198e95e7b0b8,c6f3e9790b43d97c7a58bd8abbf2ddd66597117cc59d2ec24084f1c80dc769c3,b76f8dce5e2a3d9797d2009aa0b6f4a7d0216a266540a9055195e66b8e4af085,c9743cd8e3fc539c45f3979c0277cbdf4ff08eea268a70430bb263154715084b,FD001,engine_endpoint_prequential,OFFICIAL,248
C08,FD004,primary,73,C08_FD004_8468e13b7f2c_seed_73,outputs/c08_final_8468e13,8468e13b7f2c7c3d937f0b4de6f5198e95e7b0b8,f1e65bd38d489bccf368196f7fabf61fc242c86fa764c7e8621f5f96e366476f,1938c48f5e79098349e5c1cb1f7a5b5d2d6f7656cef1968bd90db4a992ad7471,5daa39328dda8c10669c1eb3ba00573ef4fda45b88c73b633c5e61fe4b2fae41,FD001,engine_endpoint_prequential,OFFICIAL,248
C08,FD004,primary,101,C08_FD004_8468e13b7f2c_seed_101,outputs/c08_final_8468e13,8468e13b7f2c7c3d937f0b4de6f5198e95e7b0b8,04b232953848ba1a9bfb194dd3b578b73f3aa6e26f9f50db29c77fc2713b601c,9107ac3b6026c857a1d055d4e942ea7748567fbbe2cfa2bb15a1a2893258c3d9,d2dcd341cee879f28087db73cac94e3e99a3427344adb37c4cae1e08c43753d5,FD001,engine_endpoint_prequential,OFFICIAL,248
C08,FD004,primary,137,C08_FD004_8468e13b7f2c_seed_137,outputs/c08_final_8468e13,8468e13b7f2c7c3d937f0b4de6f5198e95e7b0b8,86b654f1dd9976d6f192d4d1eb6c8361d27782782949b248528fad06f07a79f0,cc603d4826abc954b46127b073fcbde551c94956c6a3e7a1285f1d0d07240a1e,fc3d02af56488103e0811f6724720fac4eb8b2041eb62670d3ddd81bab681cee,FD001,engine_endpoint_prequential,OFFICIAL,248
